patient_id,age,sex,weight_kg,height_cm,BMI,smoking,alcohol_use,systolic_bp,diastolic_bp,hypertension,diabetes,glucose,cholesterol,treatment,hospital,admission_date,followup_date,outcome,time_to_event
P1000,63,Male,64.4,168.0,22.8,Former,None,121,69,No,Yes,9.6,5.6,Untreated,Riverside Clinic,2023-09-16,2025-09-16,0,24.0
P1001,45,Female,52.5,147.0,24.3,Never,None,114,69,No,No,5.6,4.2,Untreated,Eastgate Medical,2023-12-24,2025-12-24,0,24.0
P1002,30,Male,64.8,179.0,20.2,Never,None,110,71,No,No,6.3,3.1,Untreated,Lakeside Health,2023-12-30,2025-12-30,0,24.0
P1003,43,Female,64.0,153.0,27.3,Never,Moderate,143,80,Yes,No,5.8,5.3,Untreated,Central Hospital,2024-06-15,2024-10-09,1,3.8
P1004,56,Female,68.8,157.0,27.9,Former,None,125,81,No,No,5.5,3.3,Treated,Central Hospital,2023-08-24,2025-08-24,0,24.0
P1005,54,Male,65.9,166.0,23.9,Former,None,120,76,No,No,5.8,4.6,Treated,Northern District,2024-03-26,2026-03-27,0,24.0
P1006,59,Female,64.2,169.0,22.5,Never,Moderate,133,84,Yes,Yes,7.8,4.8,Untreated,Eastgate Medical,2023-01-11,2025-01-11,0,24.0
P1007,55,Male,84.8,175.0,27.7,Current,Moderate,151,90,Yes,No,5.6,5.3,Untreated,Riverside Clinic,2023-04-14,2025-04-14,0,24.0
P1008,47,Male,66.7,164.0,24.8,Never,Heavy,123,74,No,No,5.9,3.6,Untreated,Central Hospital,2023-05-12,2025-05-12,0,24.0
P1009,54,Male,85.4,179.0,26.7,Never,Moderate,110,76,No,No,4.4,3.7,Untreated,Lakeside Health,2023-11-23,2025-11-23,0,24.0
P1010,42,Female,61.8,148.0,28.2,Never,Moderate,109,83,No,No,4.2,2.8,Treated,Eastgate Medical,2023-07-29,2025-07-29,0,24.0
P1011,61,Male,76.7,181.0,23.4,Former,Heavy,119,66,No,No,4.2,4.3,Untreated,Lakeside Health,2023-11-14,2024-12-29,1,13.5
P1012,56,Male,64.2,168.0,22.7,Never,None,112,82,No,No,6.4,5.4,Treated,Eastgate Medical,2023-05-31,2025-05-31,0,24.0
P1013,45,Female,94.3,165.0,34.6,Never,None,122,74,No,No,5.4,5.2,Untreated,Riverside Clinic,2024-03-07,2026-03-08,0,24.0
P1014,57,Female,59.2,154.0,25.0,Current,None,124,83,Yes,No,4.0,5.1,Untreated,Central Hospital,2023-06-12,2025-06-12,0,24.0
P1015,51,Male,72.7,170.0,25.2,Never,Moderate,132,74,No,No,5.1,4.2,Treated,Eastgate Medical,2023-04-10,2025-04-10,0,24.0
P1016,74,Male,79.5,172.0,26.9,Former,Heavy,123,77,No,No,5.9,5.1,Untreated,Central Hospital,2024-03-27,2025-10-23,1,18.9
P1017,50,Female,60.2,154.0,25.4,Former,None,123,68,No,No,5.4,4.4,Treated,Central Hospital,2023-10-22,2025-10-22,0,24.0
P1018,60,Male,83.9,177.0,26.8,Never,Heavy,128,74,No,No,7.0,3.7,Untreated,Central Hospital,2024-06-03,2026-06-04,0,24.0
P1019,50,Female,49.9,146.0,23.4,Former,Heavy,105,72,No,No,5.1,4.9,Untreated,Eastgate Medical,2023-07-02,2025-07-02,0,24.0
P1020,59,Male,88.0,161.0,33.9,Former,Moderate,132,74,No,No,5.5,4.3,Untreated,Lakeside Health,2024-04-03,2026-04-04,0,24.0
P1021,66,Male,72.3,165.0,26.6,Never,None,107,80,No,Yes,11.2,4.1,Treated,Northern District,2024-03-25,2025-12-03,1,20.3
P1022,33,Male,79.2,165.0,29.1,Never,None,123,77,No,No,4.8,3.6,Untreated,Central Hospital,2023-03-23,2025-03-23,0,24.0
P1023,34,Female,67.8,163.0,25.5,Never,None,99,66,No,No,5.7,4.2,Untreated,Northern District,2024-06-17,2026-06-18,0,24.0
P1024,45,Male,65.9,175.0,21.5,Former,Moderate,113,85,Yes,No,5.9,4.0,Treated,Lakeside Health,2023-09-11,2025-09-11,0,24.0
P1025,40,Male,98.7,176.0,31.9,Never,None,127,70,No,No,6.1,5.1,Untreated,Northern District,2023-08-14,2025-08-14,0,24.0
P1026,40,Female,63.5,144.0,30.6,Former,Heavy,112,75,No,No,5.7,3.6,Untreated,Eastgate Medical,2024-02-29,2026-03-01,0,24.0
P1027,30,Male,79.9,173.0,26.7,Never,None,99,75,No,No,5.7,4.6,Untreated,Eastgate Medical,2023-09-23,2025-09-23,0,24.0
P1028,65,Female,65.7,159.0,26.0,Former,Moderate,124,70,No,No,4.7,4.2,Untreated,Lakeside Health,2023-04-03,2025-04-03,0,24.0
P1029,71,Female,69.4,158.0,27.8,Never,None,144,90,Yes,No,6.0,4.5,Treated,Northern District,2023-09-23,2025-01-31,1,16.3
P1030,39,Female,71.3,152.0,30.9,Never,Moderate,118,77,No,No,5.8,4.5,Untreated,Northern District,2023-10-17,2023-11-23,1,1.2
P1031,31,Female,83.6,160.0,32.7,Former,Heavy,111,71,No,Yes,9.6,4.0,Untreated,Central Hospital,2023-07-11,2025-07-11,0,24.0
P1032,47,Male,90.9,168.0,32.2,Never,None,137,78,Yes,Yes,6.8,4.4,Treated,Eastgate Medical,2023-01-20,2024-06-08,1,16.6
P1033,51,Male,78.7,166.0,28.6,Never,None,111,78,No,No,6.0,4.0,Untreated,Northern District,2023-05-11,2025-05-11,0,24.0
P1034,44,Female,74.0,159.0,29.3,Never,Moderate,113,72,No,Yes,7.3,2.6,Treated,Central Hospital,2023-06-21,2025-06-21,0,24.0
P1035,52,Male,113.0,173.0,37.8,Never,None,148,81,Yes,Yes,8.1,5.3,Treated,Central Hospital,2024-02-21,2026-02-21,0,24.0
P1036,42,Female,63.2,148.0,28.9,Never,Heavy,134,94,Yes,No,5.9,4.9,Treated,Riverside Clinic,2023-11-03,2025-11-03,0,24.0
P1037,65,Male,67.3,163.0,25.3,Current,None,147,92,Yes,No,4.7,4.6,Treated,Riverside Clinic,2023-09-26,2025-09-26,0,24.0
P1038,74,Male,96.5,172.0,32.6,Current,Moderate,126,80,No,No,6.3,6.8,Treated,Riverside Clinic,2023-06-23,2025-06-23,0,24.0
P1039,84,Female,43.4,151.0,19.0,Never,Moderate,154,87,Yes,Yes,10.0,5.1,Treated,Riverside Clinic,2023-12-15,2025-12-15,0,24.0
P1040,46,Male,69.7,176.0,22.5,Never,None,115,70,No,No,6.2,3.1,Untreated,Riverside Clinic,2024-03-14,2026-03-15,0,24.0
P1041,63,Female,81.5,162.0,31.1,Current,Moderate,150,91,Yes,No,6.1,4.3,Treated,Northern District,2023-08-18,2023-11-11,1,2.8
P1042,52,Female,41.4,160.0,16.2,Former,None,120,69,No,No,5.4,4.5,Treated,Eastgate Medical,2023-12-25,2025-12-25,0,24.0
P1043,30,Female,80.6,165.0,29.6,Never,Moderate,103,73,No,No,6.0,4.1,Untreated,Central Hospital,2024-06-20,2026-04-12,1,21.7
P1044,68,Male,65.8,175.0,21.5,Never,None,139,81,No,No,5.7,4.3,Treated,Riverside Clinic,2024-02-09,2026-02-09,0,24.0
P1045,69,Male,92.7,176.0,29.9,Former,None,149,80,Yes,No,5.5,5.2,Treated,Riverside Clinic,2023-09-08,2024-10-29,1,13.7
P1046,50,Female,71.1,156.0,29.2,Never,Moderate,119,73,No,No,5.3,5.1,Untreated,Central Hospital,2024-05-12,2026-05-13,0,24.0
P1047,51,Female,76.3,167.0,27.4,Former,Heavy,115,73,No,No,5.4,4.5,Untreated,Central Hospital,2023-07-12,2025-07-12,0,24.0
P1048,33,Female,68.3,164.0,25.4,Never,Moderate,107,78,No,No,4.8,3.5,Untreated,Riverside Clinic,2023-08-19,2025-08-19,0,24.0
P1049,31,Female,64.7,158.0,25.9,Former,None,111,64,No,No,4.2,3.7,Untreated,Central Hospital,2023-11-18,2025-11-18,0,24.0
P1050,56,Male,68.9,164.0,25.6,Former,None,127,68,No,No,4.5,5.0,Treated,Riverside Clinic,2023-04-23,2025-04-23,0,24.0
P1051,54,Female,48.8,157.0,19.8,Former,Moderate,107,73,No,No,6.2,4.1,Untreated,Central Hospital,2024-01-15,2026-01-15,0,24.0
P1052,50,Female,60.3,158.0,24.2,Current,Moderate,106,69,No,No,4.9,4.7,Untreated,Central Hospital,2024-02-13,2026-02-13,0,24.0
P1053,52,Female,74.0,147.0,34.2,Current,None,135,84,Yes,No,6.1,5.8,Untreated,Eastgate Medical,2023-11-09,2024-08-15,1,9.2
P1054,42,Female,54.8,153.0,23.4,Former,Moderate,95,70,No,No,5.6,3.1,Treated,Northern District,2023-03-20,2025-03-20,0,24.0
P1055,61,Male,81.5,169.0,28.5,Never,Moderate,139,80,No,Yes,12.8,3.4,Untreated,Lakeside Health,2024-03-11,2025-04-11,1,13.0
P1056,59,Male,59.6,168.0,21.1,Former,Moderate,126,76,Yes,No,5.4,3.3,Treated,Central Hospital,2023-05-05,2024-11-03,1,18.0
P1057,50,Female,68.9,156.0,28.3,Never,None,139,85,Yes,No,5.3,6.1,Treated,Northern District,2024-03-22,2026-03-23,0,24.0
P1058,41,Female,59.8,157.0,24.3,Never,Heavy,140,100,Yes,No,5.0,3.9,Untreated,Central Hospital,2024-05-27,2026-05-28,0,24.0
P1059,30,Male,63.0,160.0,24.6,Former,Moderate,101,75,No,No,6.7,3.8,Untreated,Eastgate Medical,2024-04-15,2026-04-16,0,24.0
P1060,35,Male,92.5,167.0,33.2,Never,Moderate,110,73,No,No,4.2,5.0,Untreated,Central Hospital,2023-02-19,2025-02-19,0,24.0
P1061,82,Female,85.9,170.0,29.7,Never,None,149,98,Yes,Yes,6.5,5.6,Treated,Eastgate Medical,2023-03-01,2024-03-22,1,12.7
P1062,69,Female,43.7,152.0,18.9,Never,None,115,74,No,No,5.7,4.6,Untreated,Riverside Clinic,2023-10-13,2025-10-13,0,24.0
P1063,54,Female,49.4,156.0,20.3,Former,None,128,68,No,No,5.1,4.5,Treated,Central Hospital,2024-01-23,2026-01-23,0,24.0
P1064,46,Male,71.4,170.0,24.7,Former,None,109,71,No,No,4.9,4.1,Untreated,Central Hospital,2023-01-12,2025-01-12,0,24.0
P1065,47,Male,58.0,152.0,25.1,Never,None,122,80,Yes,No,5.1,3.3,Treated,Central Hospital,2023-07-17,2025-07-17,0,24.0
P1066,53,Female,105.9,170.0,36.6,Former,Moderate,148,83,Yes,No,5.8,3.9,Treated,Riverside Clinic,2023-03-24,2025-03-24,0,24.0
P1067,45,Female,70.8,147.0,32.8,Former,None,118,80,No,No,5.6,4.1,Treated,Lakeside Health,2023-05-27,2025-05-27,0,24.0
P1068,62,Male,67.0,164.0,24.9,Current,Heavy,136,83,Yes,No,4.8,4.9,Treated,Central Hospital,2023-03-25,2025-03-25,0,24.0
P1069,64,Female,61.9,150.0,27.5,Former,Moderate,132,73,No,No,5.7,4.7,Untreated,Central Hospital,2023-03-27,2024-03-20,1,11.8
P1070,44,Female,76.7,162.0,29.2,Never,Moderate,118,78,No,No,5.7,4.5,Untreated,Lakeside Health,2024-04-21,2026-04-22,0,24.0
P1071,64,Male,99.9,177.0,31.9,Never,None,146,90,Yes,Yes,9.1,7.8,Treated,Riverside Clinic,2023-02-13,2023-09-23,1,7.3
P1072,59,Female,86.2,162.0,32.8,Never,None,136,82,Yes,No,4.8,6.2,Treated,Central Hospital,2023-08-11,2023-12-17,1,4.2
P1073,67,Male,103.1,164.0,38.3,Never,Moderate,124,88,No,No,5.1,5.5,Untreated,Northern District,2023-06-21,2023-08-15,1,1.8
P1074,62,Male,85.1,180.0,26.3,Current,Moderate,140,83,Yes,No,5.3,5.7,Treated,Lakeside Health,2024-06-21,2026-06-22,0,24.0
P1075,58,Female,57.8,145.0,27.5,Never,Moderate,148,85,Yes,No,5.2,5.4,Treated,Riverside Clinic,2023-08-10,2024-06-03,1,9.8
P1076,41,Male,98.1,168.0,34.8,Never,Moderate,125,66,No,No,5.0,2.5,Untreated,Lakeside Health,2024-01-04,2026-01-04,0,24.0
P1077,64,Female,83.3,157.0,33.8,Never,Moderate,147,80,Yes,Yes,10.6,4.9,Treated,Central Hospital,2024-06-10,2026-06-11,0,24.0
P1078,61,Male,71.2,174.0,23.5,Never,None,104,74,No,No,6.4,4.3,Untreated,Riverside Clinic,2023-03-17,2025-03-17,0,24.0
P1079,64,Male,79.1,165.0,29.1,Never,Heavy,142,84,Yes,Yes,10.4,3.3,Untreated,Riverside Clinic,2023-04-28,2025-04-28,0,24.0
P1080,54,Male,90.4,176.0,29.2,Former,Moderate,133,90,Yes,No,5.4,5.1,Treated,Eastgate Medical,2024-03-17,2026-03-18,0,24.0
P1081,65,Male,103.1,173.0,34.4,Former,None,138,75,Yes,Yes,8.0,4.5,Treated,Lakeside Health,2023-05-14,2024-09-09,1,15.9
P1082,49,Male,85.8,170.0,29.7,Never,Heavy,94,78,No,No,5.6,5.9,Treated,Riverside Clinic,2023-06-07,2025-06-07,0,24.0
P1083,68,Female,54.7,157.0,22.2,Never,Moderate,134,85,Yes,Yes,10.3,5.8,Treated,Northern District,2023-09-30,2025-08-18,1,22.6
P1084,59,Male,70.4,163.0,26.5,Never,None,128,84,Yes,Yes,6.9,4.7,Untreated,Riverside Clinic,2023-09-04,2023-10-29,1,1.8
P1085,57,Female,62.3,162.0,23.7,Current,Heavy,133,73,No,No,5.7,5.9,Treated,Central Hospital,2024-04-06,2026-04-07,0,24.0
P1086,41,Female,54.9,163.0,20.7,Never,Moderate,100,71,No,No,6.6,2.5,Untreated,Eastgate Medical,2023-03-18,2025-03-18,0,24.0
P1087,62,Female,58.0,156.0,23.8,Former,None,117,72,No,No,6.1,4.6,Untreated,Eastgate Medical,2024-05-13,2026-05-14,0,24.0
P1088,45,Female,55.5,151.0,24.3,Never,Moderate,107,70,No,No,5.3,4.2,Untreated,Riverside Clinic,2024-05-07,2026-05-08,0,24.0
P1089,66,Male,58.9,171.0,20.1,Never,None,126,68,No,No,5.2,5.3,Treated,Central Hospital,2023-12-26,2025-12-26,0,24.0
P1090,38,Male,81.3,164.0,30.2,Never,None,103,72,No,No,4.0,3.5,Untreated,Central Hospital,2023-12-01,2025-12-01,0,24.0
P1091,70,Male,101.1,169.0,35.4,Never,None,144,80,Yes,No,4.2,5.5,Treated,Eastgate Medical,2023-11-04,2024-02-09,1,3.2
P1092,32,Female,63.0,150.0,28.0,Never,None,136,75,Yes,No,4.8,3.7,Treated,Riverside Clinic,2024-05-05,2026-05-06,0,24.0
P1093,54,Female,67.1,151.0,29.4,Former,None,114,84,No,No,4.9,4.7,Untreated,Northern District,2023-04-12,2025-04-12,0,24.0
P1094,43,Female,51.8,165.0,19.0,Never,Moderate,96,71,No,No,5.7,2.5,Untreated,Riverside Clinic,2023-07-23,2025-04-28,1,21.2
P1095,31,Male,72.7,172.0,24.6,Never,Moderate,103,71,No,No,6.2,4.3,Untreated,Central Hospital,2023-09-25,2025-09-25,0,24.0
P1096,58,Male,77.3,164.0,28.7,Former,None,121,57,No,No,5.1,4.7,Treated,Central Hospital,2023-12-31,2025-12-31,0,24.0
P1097,73,Female,63.4,146.0,29.7,Never,None,140,88,Yes,Yes,6.9,5.5,Treated,Lakeside Health,2024-04-19,2025-02-23,1,10.2
P1098,53,Female,71.4,162.0,27.2,Never,None,108,75,No,No,6.0,4.4,Treated,Eastgate Medical,2023-08-24,2025-08-24,0,24.0
P1099,53,Male,56.3,155.0,23.4,Never,None,116,66,No,No,5.2,5.0,Untreated,Riverside Clinic,2024-04-05,2026-04-06,0,24.0
P1100,34,Female,65.0,157.0,26.4,Never,Heavy,124,61,No,No,6.0,4.5,Untreated,Riverside Clinic,2024-01-24,2026-01-24,0,24.0
P1101,66,Female,76.3,164.0,28.4,Never,None,122,73,No,No,5.2,3.9,Treated,Central Hospital,2023-06-11,2025-06-11,0,24.0
P1102,71,Male,62.2,167.0,22.3,Current,Moderate,133,76,No,No,5.8,5.1,Treated,Central Hospital,2023-07-16,2025-07-16,0,24.0
P1103,73,Female,67.7,157.0,27.5,Never,None,150,78,Yes,Yes,8.8,4.8,Untreated,Northern District,2023-03-10,2023-05-01,1,1.7
P1104,82,Male,90.1,179.0,28.1,Former,Heavy,140,91,Yes,No,6.0,6.0,Treated,Riverside Clinic,2023-11-25,2024-03-11,1,3.5
P1105,49,Female,65.8,149.0,29.6,Current,None,123,72,No,No,5.2,6.6,Untreated,Northern District,2024-05-24,2026-05-25,0,24.0
P1106,39,Female,47.5,153.0,20.3,Never,None,116,66,No,No,5.8,3.3,Untreated,Lakeside Health,2023-07-18,2025-07-18,0,24.0
P1107,48,Female,85.7,160.0,33.5,Never,Moderate,127,71,No,Yes,9.3,4.8,Untreated,Central Hospital,2024-05-07,2025-11-15,1,18.3
P1108,63,Male,77.4,170.0,26.8,Former,Heavy,120,64,No,No,5.8,5.3,Treated,Central Hospital,2023-05-27,2025-01-07,1,19.4
P1109,46,Male,63.1,164.0,23.5,Current,None,119,72,No,No,5.9,4.7,Untreated,Eastgate Medical,2023-12-20,2025-06-02,1,17.4
P1110,48,Female,55.8,163.0,21.0,Never,Heavy,109,58,No,No,5.9,4.7,Untreated,Central Hospital,2023-06-15,2025-06-15,0,24.0
P1111,66,Male,56.8,169.0,19.9,Former,None,134,84,Yes,No,5.1,3.4,Treated,Northern District,2023-04-11,2025-04-11,0,24.0
P1112,76,Female,79.6,166.0,28.9,Current,None,122,62,No,Yes,10.4,3.6,Treated,Central Hospital,2023-04-19,2024-06-15,1,13.9
P1113,77,Male,87.9,167.0,31.5,Former,Moderate,135,83,Yes,Yes,5.3,5.9,Untreated,Riverside Clinic,2023-07-21,2023-08-17,1,0.9
P1114,68,Female,75.3,168.0,26.7,Former,Moderate,146,84,Yes,Yes,6.5,5.0,Treated,Eastgate Medical,2023-09-24,2024-12-27,1,15.1
P1115,58,Female,100.8,171.0,34.5,Never,Moderate,138,89,Yes,No,5.8,5.1,Treated,Eastgate Medical,2024-03-04,2026-03-05,0,24.0
P1116,48,Male,52.6,161.0,20.3,Current,Heavy,116,82,Yes,No,6.1,4.2,Treated,Northern District,2024-05-14,2026-05-15,0,24.0
P1117,50,Female,49.5,151.0,21.7,Never,Moderate,112,70,No,No,5.3,3.4,Untreated,Lakeside Health,2023-02-17,2023-08-25,1,6.2
P1118,30,Female,65.5,153.0,28.0,Never,None,129,72,No,No,4.2,4.2,Untreated,Eastgate Medical,2023-05-09,2025-05-09,0,24.0
P1119,72,Male,61.3,162.0,23.4,Former,None,120,78,No,No,4.7,5.8,Treated,Eastgate Medical,2024-01-22,2026-01-22,0,24.0
P1120,58,Male,83.0,181.0,25.3,Never,Heavy,119,81,No,No,4.8,4.2,Treated,Eastgate Medical,2024-05-14,2026-05-15,0,24.0
P1121,59,Male,89.6,181.0,27.3,Never,None,136,78,Yes,No,6.0,6.1,Treated,Lakeside Health,2023-08-21,2025-08-21,0,24.0
P1122,61,Male,94.8,176.0,30.6,Never,None,135,92,Yes,No,5.5,5.3,Treated,Central Hospital,2024-03-09,2025-02-22,1,11.5
P1123,51,Male,66.8,177.0,21.3,Former,Moderate,129,78,Yes,No,5.4,3.9,Treated,Eastgate Medical,2023-11-19,2024-01-01,1,1.4
P1124,58,Male,72.9,171.0,24.9,Former,Moderate,132,67,No,No,5.8,4.5,Treated,Lakeside Health,2024-01-16,2024-02-06,1,0.7
P1125,53,Female,64.5,165.0,23.7,Current,None,110,84,No,No,4.9,4.8,Untreated,Riverside Clinic,2024-06-03,2026-06-04,0,24.0
P1126,76,Female,82.6,161.0,31.9,Never,None,133,83,Yes,Yes,7.5,5.5,Treated,Central Hospital,2023-05-02,2023-11-22,1,6.7
P1127,50,Female,61.5,160.0,24.0,Former,Heavy,102,65,No,No,5.3,3.6,Treated,Riverside Clinic,2023-04-13,2025-04-13,0,24.0
P1128,44,Male,60.7,177.0,19.4,Never,None,147,81,Yes,No,5.2,2.8,Treated,Central Hospital,2023-02-11,2025-02-11,0,24.0
P1129,48,Male,81.4,170.0,28.2,Former,None,124,72,No,No,4.3,4.9,Treated,Riverside Clinic,2024-06-21,2026-06-22,0,24.0
P1130,60,Female,41.6,150.0,18.5,Former,None,111,83,No,No,5.2,4.8,Treated,Lakeside Health,2023-01-07,2025-01-07,0,24.0
P1131,62,Female,51.2,167.0,18.4,Former,None,119,68,No,No,5.5,4.7,Treated,Central Hospital,2023-04-07,2025-04-07,0,24.0
P1132,69,Female,69.8,163.0,26.3,Never,None,135,80,Yes,No,5.4,5.3,Treated,Eastgate Medical,2023-12-16,2024-10-18,1,10.1
P1133,39,Female,46.9,159.0,18.6,Former,None,113,72,No,No,5.8,3.7,Untreated,Northern District,2024-04-24,2026-04-25,0,24.0
P1134,42,Male,52.9,167.0,19.0,Never,Moderate,105,73,No,No,5.3,2.7,Treated,Northern District,2024-04-24,2026-04-06,1,23.4
P1135,48,Male,90.0,177.0,28.7,Never,None,123,70,No,No,6.6,3.5,Untreated,Eastgate Medical,2024-03-04,2026-03-05,0,24.0
P1136,48,Male,71.8,168.0,25.4,Never,None,130,78,No,No,4.6,5.6,Untreated,Riverside Clinic,2023-02-02,2025-02-02,0,24.0
P1137,50,Male,57.4,158.0,23.0,Never,None,112,80,No,No,5.5,5.0,Untreated,Northern District,2023-02-16,2025-02-16,0,24.0
P1138,51,Female,73.1,161.0,28.2,Never,Heavy,126,71,No,No,5.1,4.6,Untreated,Riverside Clinic,2024-02-20,2024-12-08,1,9.6
P1139,50,Male,81.8,174.0,27.0,Never,Heavy,112,81,No,No,5.0,3.1,Untreated,Riverside Clinic,2023-11-02,2025-11-02,0,24.0
P1140,63,Male,59.7,167.0,21.4,Never,Heavy,117,74,No,No,6.3,3.7,Untreated,Eastgate Medical,2024-06-07,2026-06-08,0,24.0
P1141,53,Female,72.0,162.0,27.4,Former,None,124,83,Yes,No,6.6,4.1,Treated,Eastgate Medical,2023-08-01,2025-08-01,0,24.0
P1142,35,Male,72.3,170.0,25.0,Never,None,123,59,No,No,5.1,3.4,Untreated,Northern District,2023-03-07,2025-03-07,0,24.0
P1143,50,Male,69.5,164.0,25.8,Never,Moderate,106,80,No,No,4.2,3.9,Treated,Riverside Clinic,2024-05-24,2026-05-25,0,24.0
P1144,55,Female,98.7,168.0,35.0,Never,Moderate,145,95,Yes,No,5.6,4.3,Treated,Northern District,2023-06-01,2025-06-01,0,24.0
P1145,70,Female,68.7,157.0,27.9,Former,Moderate,137,78,Yes,No,5.1,4.8,Treated,Riverside Clinic,2023-02-08,2024-04-30,1,14.7
P1146,66,Female,75.0,161.0,28.9,Former,Moderate,130,81,Yes,No,5.1,4.9,Treated,Eastgate Medical,2024-03-05,2026-03-06,0,24.0
P1147,60,Female,61.1,172.0,20.7,Never,None,117,71,No,No,5.1,4.1,Untreated,Eastgate Medical,2023-04-22,2025-04-22,0,24.0
P1148,46,Male,43.0,164.0,16.0,Current,None,96,67,No,No,5.0,3.6,Treated,Riverside Clinic,2024-02-02,2026-02-02,0,24.0
P1149,62,Female,99.9,178.0,31.5,Former,Moderate,129,77,Yes,No,4.5,5.9,Untreated,Northern District,2024-04-26,2026-04-27,0,24.0
P1150,57,Male,61.4,173.0,20.5,Never,None,125,79,No,No,4.9,4.1,Treated,Lakeside Health,2023-02-20,2025-02-20,0,24.0
P1151,47,Male,63.8,166.0,23.2,Former,Moderate,108,70,No,No,5.8,4.2,Untreated,Northern District,2023-01-21,2025-01-21,0,24.0
P1152,63,Female,83.2,161.0,32.1,Never,Moderate,136,85,Yes,Yes,8.8,5.7,Treated,Northern District,2023-02-01,2023-09-20,1,7.6
P1153,59,Male,83.4,172.0,28.2,Never,Heavy,129,86,Yes,No,5.4,5.1,Untreated,Northern District,2023-11-30,2024-06-30,1,7.0
P1154,57,Female,64.2,168.0,22.7,Never,Moderate,119,69,No,No,4.6,4.1,Treated,Lakeside Health,2023-02-24,2024-11-09,1,20.5
P1155,38,Female,79.0,149.0,35.6,Never,None,124,70,No,No,5.0,4.9,Untreated,Riverside Clinic,2023-04-25,2024-08-18,1,15.8
P1156,49,Female,57.9,163.0,21.8,Never,None,108,69,No,No,5.4,5.1,Treated,Lakeside Health,2023-07-13,2025-07-13,0,24.0
P1157,50,Female,71.3,167.0,25.6,Never,Heavy,118,77,No,No,5.5,4.2,Untreated,Eastgate Medical,2023-04-21,2025-04-21,0,24.0
P1158,59,Female,55.2,156.0,22.7,Current,Moderate,138,84,Yes,No,5.9,5.3,Treated,Eastgate Medical,2023-12-15,2024-10-02,1,9.6
P1159,72,Male,97.4,177.0,31.1,Current,Moderate,151,79,Yes,No,6.6,5.9,Untreated,Northern District,2024-03-30,2025-07-03,1,15.1
P1160,65,Male,62.7,162.0,23.9,Never,None,120,75,No,Yes,6.9,3.8,Treated,Lakeside Health,2024-05-23,2024-06-10,1,0.6
P1161,51,Male,73.6,157.0,29.9,Former,Moderate,123,75,Yes,No,5.2,4.2,Treated,Lakeside Health,2024-05-23,2025-05-20,1,11.9
P1162,43,Male,76.5,168.0,27.1,Former,Moderate,106,68,No,No,4.7,4.4,Untreated,Riverside Clinic,2023-04-03,2025-04-03,0,24.0
P1163,61,Female,60.0,159.0,23.7,Former,Moderate,125,80,No,No,4.6,4.3,Treated,Northern District,2024-02-06,2026-02-06,0,24.0
P1164,61,Female,54.9,155.0,22.9,Never,None,131,67,No,Yes,12.5,4.4,Untreated,Central Hospital,2023-02-22,2023-10-11,1,7.6
P1165,63,Male,56.2,182.0,17.0,Current,None,113,74,No,No,5.0,4.0,Treated,Riverside Clinic,2023-07-02,2025-07-02,0,24.0
P1166,46,Female,57.9,161.0,22.3,Never,Moderate,121,75,No,No,6.4,4.8,Untreated,Riverside Clinic,2023-12-12,2025-12-12,0,24.0
P1167,66,Female,103.1,169.0,36.1,Former,Moderate,148,92,Yes,Yes,8.4,5.9,Treated,Central Hospital,2023-12-12,2024-04-24,1,4.4
P1168,71,Female,58.9,152.0,25.5,Current,None,147,76,No,No,4.4,5.1,Treated,Lakeside Health,2024-04-29,2026-04-30,0,24.0
P1169,51,Male,63.5,160.0,24.8,Never,None,119,73,No,No,5.4,5.0,Untreated,Riverside Clinic,2023-01-06,2025-01-06,0,24.0
P1170,41,Female,50.8,156.0,20.9,Never,Moderate,113,79,No,No,5.6,4.5,Untreated,Eastgate Medical,2024-06-12,2026-06-13,0,24.0
P1171,63,Male,91.7,171.0,31.4,Current,Moderate,133,97,Yes,Yes,4.6,4.7,Treated,Northern District,2024-06-15,2025-03-16,1,9.0
P1172,82,Female,88.4,165.0,32.5,Former,Moderate,151,82,Yes,Yes,7.8,5.2,Treated,Riverside Clinic,2023-09-26,2024-10-07,1,12.4
P1173,56,Male,70.8,160.0,27.7,Never,Heavy,121,74,No,Yes,8.4,4.1,Treated,Lakeside Health,2023-04-16,2025-04-16,0,24.0
P1174,62,Male,83.3,177.0,26.6,Never,Moderate,139,76,Yes,No,5.4,3.1,Treated,Central Hospital,2023-05-01,2025-05-01,0,24.0
P1175,47,Female,79.5,156.0,32.7,Never,Moderate,112,71,No,No,5.6,4.7,Untreated,Central Hospital,2024-02-29,2026-03-01,0,24.0
P1176,50,Female,58.6,155.0,24.4,Former,Moderate,110,61,No,No,5.0,3.6,Treated,Northern District,2024-02-24,2026-02-24,0,24.0
P1177,50,Female,63.2,156.0,26.0,Never,Moderate,124,89,No,No,5.3,3.6,Treated,Northern District,2024-03-17,2026-03-18,0,24.0
P1178,60,Male,77.1,172.0,26.1,Never,Moderate,113,80,No,No,4.7,3.1,Untreated,Central Hospital,2024-01-21,2026-01-21,0,24.0
P1179,64,Male,65.7,167.0,23.6,Former,None,113,67,No,No,6.1,4.5,Treated,Eastgate Medical,2023-04-11,2023-09-28,1,5.6
P1180,60,Female,71.2,161.0,27.5,Former,Moderate,108,80,No,No,5.4,5.4,Treated,Northern District,2024-02-08,2026-02-08,0,24.0
P1181,61,Female,67.1,155.0,27.9,Never,None,135,77,Yes,No,6.0,6.3,Treated,Central Hospital,2023-08-24,2025-08-24,0,24.0
P1182,64,Male,70.3,152.0,30.4,Never,None,130,87,Yes,No,4.8,5.5,Treated,Riverside Clinic,2023-10-09,2025-10-09,0,24.0
P1183,88,Female,103.5,164.0,38.5,Former,Moderate,170,96,Yes,No,5.3,6.4,Treated,Riverside Clinic,2023-07-29,2023-09-10,1,1.4
P1184,48,Female,91.5,172.0,30.9,Never,None,129,76,No,No,6.0,5.0,Treated,Riverside Clinic,2023-05-13,2024-03-03,1,9.7
P1185,79,Female,72.6,150.0,32.3,Former,Moderate,143,100,Yes,Yes,11.6,5.7,Treated,Central Hospital,2023-09-25,2024-11-27,1,14.1
P1186,56,Female,54.5,151.0,23.9,Former,None,119,73,No,No,5.2,3.7,Untreated,Riverside Clinic,2023-06-16,2025-02-11,1,19.9
P1187,37,Female,55.2,158.0,22.1,Never,None,108,63,No,No,5.2,3.5,Untreated,Northern District,2023-12-18,2025-12-18,0,24.0
P1188,67,Female,69.2,155.0,28.8,Current,None,127,76,No,No,4.4,6.0,Treated,Northern District,2023-07-28,2025-07-28,0,24.0
P1189,54,Male,91.1,182.0,27.5,Never,Moderate,112,79,No,No,4.7,5.2,Treated,Central Hospital,2023-02-17,2025-02-17,0,24.0
P1190,34,Female,52.6,151.0,23.1,Former,Moderate,112,69,No,No,5.8,2.5,Treated,Eastgate Medical,2023-03-08,2025-03-08,0,24.0
P1191,46,Male,76.2,166.0,27.7,Never,None,132,78,No,No,5.4,3.4,Untreated,Riverside Clinic,2023-04-03,2025-04-03,0,24.0
P1192,60,Female,51.9,140.0,26.5,Never,None,107,82,No,No,6.0,5.2,Treated,Lakeside Health,2023-06-06,2025-06-06,0,24.0
P1193,56,Male,76.3,173.0,25.5,Never,Moderate,129,86,Yes,Yes,8.4,5.5,Treated,Riverside Clinic,2023-12-21,2025-12-21,0,24.0
P1194,59,Female,55.3,154.0,23.3,Never,Moderate,119,76,No,No,4.5,5.1,Treated,Central Hospital,2024-04-22,2026-04-23,0,24.0
P1195,62,Male,91.9,177.0,29.3,Current,None,145,98,Yes,No,5.2,3.9,Untreated,Central Hospital,2023-05-06,2025-05-06,0,24.0
P1196,69,Female,72.6,167.0,26.0,Former,None,127,86,Yes,No,5.9,5.3,Treated,Riverside Clinic,2024-03-19,2026-03-20,0,24.0
P1197,49,Female,60.7,156.0,24.9,Former,Moderate,111,85,No,No,5.0,4.1,Treated,Riverside Clinic,2023-08-07,2024-03-25,1,7.6
P1198,61,Female,65.9,161.0,25.4,Never,None,114,65,No,No,5.6,4.0,Untreated,Riverside Clinic,2024-02-26,2024-03-27,1,1.0
P1199,58,Male,73.1,161.0,28.2,Current,None,126,85,Yes,No,5.3,4.0,Treated,Northern District,2023-12-13,2024-06-07,1,5.8
P1200,30,Female,72.5,163.0,27.3,Never,None,90,78,No,No,4.9,3.0,Untreated,Riverside Clinic,2024-06-08,2026-06-09,0,24.0
P1201,30,Male,87.6,180.0,27.0,Never,None,106,74,No,No,4.6,5.0,Treated,Lakeside Health,2023-04-01,2025-04-01,0,24.0
P1202,58,Male,68.2,178.0,21.5,Never,None,113,72,No,Yes,11.0,4.4,Untreated,Central Hospital,2023-02-06,2025-02-06,0,24.0
P1203,59,Male,75.4,165.0,27.7,Former,Moderate,124,81,Yes,No,4.6,4.0,Treated,Central Hospital,2023-09-05,2024-09-23,1,12.6
P1204,55,Female,68.5,167.0,24.6,Never,None,117,68,No,Yes,7.4,4.7,Treated,Northern District,2023-07-16,2025-07-16,0,24.0
P1205,72,Female,74.7,160.0,29.2,Former,Moderate,151,86,Yes,Yes,6.8,4.8,Treated,Eastgate Medical,2023-03-10,2024-03-09,1,12.0
P1206,56,Female,64.0,177.0,20.4,Never,None,105,72,No,No,4.8,4.7,Untreated,Eastgate Medical,2023-04-01,2025-04-01,0,24.0
P1207,67,Male,75.9,178.0,24.0,Current,Heavy,124,82,Yes,No,3.5,4.3,Treated,Eastgate Medical,2023-06-21,2025-06-21,0,24.0
P1208,51,Female,75.6,157.0,30.7,Current,Moderate,107,76,No,No,5.4,4.1,Untreated,Northern District,2023-08-15,2025-08-15,0,24.0
P1209,52,Female,63.7,155.0,26.5,Former,Moderate,106,84,No,Yes,9.6,5.1,Untreated,Lakeside Health,2023-09-03,2024-03-10,1,6.2
P1210,48,Female,74.4,157.0,30.2,Never,None,109,74,No,No,4.7,3.9,Untreated,Northern District,2023-09-27,2025-09-27,0,24.0
P1211,40,Male,82.7,166.0,30.0,Never,Moderate,129,85,No,No,5.9,5.2,Untreated,Riverside Clinic,2024-06-17,2026-06-18,0,24.0
P1212,63,Female,61.4,162.0,23.4,Current,Moderate,111,76,No,Yes,10.4,4.6,Treated,Central Hospital,2024-06-17,2026-06-18,0,24.0
P1213,73,Female,33.2,144.0,16.0,Never,None,125,78,Yes,No,5.6,4.0,Treated,Central Hospital,2023-08-04,2025-08-04,0,24.0
P1214,30,Female,53.2,149.0,24.0,Never,Heavy,134,82,Yes,No,5.3,4.3,Treated,Northern District,2024-06-18,2026-06-19,0,24.0
P1215,53,Female,68.3,164.0,25.4,Never,Heavy,124,86,Yes,No,5.3,3.8,Treated,Central Hospital,2023-07-04,2025-07-04,0,24.0
P1216,36,Female,71.6,158.0,28.7,Never,Moderate,117,72,No,No,5.1,4.7,Untreated,Riverside Clinic,2024-01-19,2026-01-19,0,24.0
P1217,71,Female,84.3,165.0,31.0,Former,Moderate,145,86,Yes,No,4.9,5.6,Untreated,Central Hospital,2023-10-08,2025-10-08,0,24.0
P1218,68,Female,61.0,149.0,27.5,Never,None,126,83,Yes,No,4.5,4.1,Treated,Northern District,2023-03-06,2024-12-19,1,21.5
P1219,47,Female,66.6,159.0,26.3,Former,Moderate,97,65,No,No,4.8,5.1,Untreated,Riverside Clinic,2024-03-31,2026-04-01,0,24.0
P1220,45,Male,67.4,172.0,22.8,Former,Moderate,117,62,No,No,3.9,5.4,Treated,Lakeside Health,2023-01-25,2025-01-25,0,24.0
P1221,84,Male,63.8,166.0,23.2,Never,Moderate,132,85,No,Yes,5.2,5.7,Untreated,Lakeside Health,2023-01-23,2023-04-18,1,2.8
P1222,56,Female,57.5,157.0,23.3,Current,None,115,74,No,No,6.2,3.9,Untreated,Riverside Clinic,2024-04-29,2026-04-30,0,24.0
P1223,57,Female,85.6,162.0,32.6,Never,None,113,76,No,No,5.5,5.7,Treated,Riverside Clinic,2024-04-05,2025-01-31,1,9.9
P1224,63,Female,43.9,160.0,17.1,Former,Moderate,116,83,No,No,5.5,5.0,Untreated,Eastgate Medical,2023-01-28,2025-01-28,0,24.0
P1225,50,Male,87.6,171.0,30.0,Never,Moderate,111,67,No,Yes,7.9,4.2,Untreated,Riverside Clinic,2024-06-10,2026-06-11,0,24.0
P1226,45,Female,92.0,175.0,30.0,Never,Moderate,129,86,Yes,No,6.2,4.4,Treated,Eastgate Medical,2023-02-02,2025-02-02,0,24.0
P1227,63,Female,69.9,161.0,27.0,Never,Moderate,119,72,No,No,5.0,4.8,Untreated,Central Hospital,2024-02-08,2026-02-08,0,24.0
P1228,58,Female,72.5,167.0,26.0,Never,Moderate,108,75,No,No,4.8,5.5,Untreated,Riverside Clinic,2024-04-23,2024-12-16,1,7.8
P1229,62,Male,58.2,178.0,18.4,Current,None,118,69,No,No,5.3,3.5,Untreated,Riverside Clinic,2024-02-25,2024-04-23,1,1.9
P1230,66,Female,51.0,156.0,21.0,Former,None,150,75,Yes,No,5.6,3.9,Untreated,Northern District,2023-10-04,2025-07-23,1,21.6
P1231,61,Female,59.5,155.0,24.8,Current,Moderate,121,75,No,No,4.6,4.1,Untreated,Lakeside Health,2024-02-12,2026-02-12,0,24.0
P1232,54,Male,59.7,169.0,20.9,Never,Moderate,103,74,No,Yes,8.3,4.0,Treated,Riverside Clinic,2023-12-27,2025-12-27,0,24.0
P1233,59,Female,71.1,165.0,26.1,Former,Moderate,122,77,No,No,4.7,4.4,Untreated,Eastgate Medical,2023-05-10,2025-05-10,0,24.0
P1234,30,Male,75.0,165.0,27.5,Current,Moderate,118,63,No,No,6.5,4.8,Untreated,Riverside Clinic,2023-05-19,2025-05-19,0,24.0
P1235,50,Female,51.8,166.0,18.8,Never,Moderate,117,75,No,No,4.7,4.4,Untreated,Central Hospital,2024-01-14,2026-01-14,0,24.0
P1236,53,Female,59.0,156.0,24.2,Never,None,112,81,No,No,6.1,4.0,Untreated,Northern District,2024-01-18,2026-01-18,0,24.0
P1237,56,Female,71.6,164.0,26.6,Never,Heavy,129,72,No,No,5.5,3.7,Untreated,Central Hospital,2023-09-25,2025-04-25,1,19.0
P1238,50,Female,72.3,155.0,30.1,Current,None,135,72,No,Yes,9.2,4.2,Treated,Lakeside Health,2023-05-29,2025-05-29,0,24.0
P1239,57,Male,99.9,175.0,32.6,Never,None,105,68,No,No,5.1,4.6,Treated,Lakeside Health,2023-05-31,2025-05-31,0,24.0
P1240,34,Male,93.2,170.0,32.2,Current,Moderate,123,78,No,No,6.0,3.3,Treated,Lakeside Health,2024-01-25,2026-01-25,0,24.0
P1241,38,Male,69.5,156.0,28.6,Never,Moderate,123,80,No,No,5.8,4.3,Treated,Eastgate Medical,2024-05-30,2026-05-31,0,24.0
P1242,59,Male,64.7,177.0,20.7,Never,Heavy,125,74,No,No,5.5,4.6,Untreated,Riverside Clinic,2023-03-16,2023-08-21,1,5.2
P1243,63,Male,83.7,162.0,31.9,Former,None,139,77,Yes,No,5.4,4.9,Treated,Eastgate Medical,2024-06-21,2026-06-22,0,24.0
P1244,36,Female,73.3,161.0,28.3,Former,Moderate,117,83,No,No,4.9,4.3,Untreated,Eastgate Medical,2023-09-15,2025-02-07,1,16.8
P1245,56,Female,82.7,159.0,32.7,Never,None,117,79,No,No,5.1,5.1,Treated,Riverside Clinic,2023-05-05,2025-05-05,0,24.0
P1246,54,Female,67.0,152.0,29.0,Never,None,124,72,No,Yes,5.5,4.0,Untreated,Northern District,2023-06-22,2023-09-12,1,2.7
P1247,88,Female,67.2,149.0,30.3,Former,Moderate,128,79,No,No,5.5,5.6,Treated,Central Hospital,2023-04-15,2023-09-08,1,4.8
P1248,47,Female,62.3,161.0,24.0,Never,Moderate,122,70,No,No,5.9,3.8,Untreated,Central Hospital,2023-06-02,2025-06-02,0,24.0
P1249,88,Male,72.0,171.0,24.6,Current,None,151,90,Yes,No,5.9,5.8,Treated,Eastgate Medical,2023-09-25,2023-11-16,1,1.7
P1250,59,Female,70.3,156.0,28.9,Former,None,133,91,Yes,No,5.2,4.7,Treated,Riverside Clinic,2024-02-29,2026-03-01,0,24.0
P1251,30,Female,48.4,147.0,22.4,Never,None,125,76,Yes,Yes,8.4,3.8,Untreated,Northern District,2023-12-25,2025-12-25,0,24.0
P1252,62,Male,91.6,177.0,29.2,Former,None,125,75,No,No,5.6,5.7,Treated,Riverside Clinic,2023-10-16,2025-10-16,0,24.0
P1253,57,Male,67.3,155.0,28.0,Never,None,132,84,Yes,No,4.0,4.6,Treated,Central Hospital,2023-09-25,2025-09-25,0,24.0
P1254,40,Male,70.2,162.0,26.7,Current,None,121,79,Yes,No,5.3,4.8,Treated,Northern District,2023-04-01,2025-04-01,0,24.0
P1255,45,Female,77.6,162.0,29.6,Never,None,124,63,No,No,5.1,5.6,Untreated,Lakeside Health,2024-03-14,2026-03-15,0,24.0
P1256,46,Female,53.3,163.0,20.1,Former,None,111,75,No,No,5.4,3.7,Untreated,Riverside Clinic,2023-05-23,2023-10-16,1,4.8
P1257,43,Female,61.2,151.0,26.8,Former,Moderate,103,72,No,No,6.1,3.2,Untreated,Northern District,2023-11-17,2025-11-17,0,24.0
P1258,56,Male,76.7,164.0,28.5,Never,Moderate,118,69,No,No,5.0,3.4,Untreated,Riverside Clinic,2024-01-22,2026-01-22,0,24.0
P1259,44,Male,81.7,166.0,29.6,Current,Moderate,110,78,No,No,5.4,4.3,Untreated,Northern District,2024-01-29,2026-01-29,0,24.0
P1260,55,Male,82.0,162.0,31.2,Never,Moderate,126,71,No,No,4.8,4.6,Treated,Lakeside Health,2024-03-17,2026-03-18,0,24.0
P1261,48,Female,51.7,156.0,21.2,Never,Moderate,113,68,No,No,4.6,5.1,Untreated,Riverside Clinic,2023-09-30,2025-09-30,0,24.0
P1262,64,Female,49.2,146.0,23.1,Never,Moderate,154,84,Yes,No,4.9,3.9,Treated,Northern District,2023-07-03,2025-07-03,0,24.0
P1263,43,Male,73.2,176.0,23.6,Former,Moderate,102,71,No,No,5.0,2.5,Treated,Riverside Clinic,2023-04-12,2025-04-12,0,24.0
P1264,66,Female,61.0,154.0,25.7,Never,Moderate,135,90,Yes,No,5.7,5.5,Treated,Riverside Clinic,2023-11-09,2025-08-21,1,21.4
P1265,61,Male,82.8,167.0,29.7,Never,Moderate,146,98,Yes,Yes,7.4,5.6,Treated,Northern District,2024-02-12,2026-02-12,0,24.0
P1266,71,Female,46.6,158.0,18.7,Current,Moderate,113,70,No,No,6.0,4.9,Untreated,Lakeside Health,2023-03-06,2025-03-06,0,24.0
P1267,88,Male,82.1,186.0,23.7,Former,None,147,77,Yes,No,5.9,5.0,Treated,Central Hospital,2024-05-26,2025-08-04,1,14.3
P1268,66,Female,59.8,153.0,25.5,Never,Heavy,125,83,No,No,5.6,4.7,Untreated,Lakeside Health,2023-03-04,2025-03-04,0,24.0
P1269,53,Male,73.2,170.0,25.3,Former,None,117,73,No,No,4.3,3.1,Untreated,Central Hospital,2023-06-08,2025-06-08,0,24.0
P1270,71,Male,71.1,166.0,25.8,Former,None,134,81,Yes,No,5.3,6.1,Treated,Eastgate Medical,2024-04-22,2026-04-07,1,23.5
P1271,69,Female,49.6,147.0,23.0,Former,None,151,87,Yes,No,5.1,5.0,Treated,Central Hospital,2023-10-03,2025-10-03,0,24.0
P1272,49,Female,49.7,150.0,22.1,Former,Moderate,116,73,No,No,5.5,4.9,Untreated,Northern District,2023-03-20,2025-03-20,0,24.0
P1273,47,Female,78.8,162.0,30.0,Never,Moderate,123,74,No,No,5.9,5.1,Untreated,Eastgate Medical,2023-03-27,2025-03-27,0,24.0
P1274,51,Male,74.6,166.0,27.1,Never,None,121,63,No,No,6.0,5.7,Untreated,Northern District,2023-09-30,2025-09-30,0,24.0
P1275,42,Female,47.7,161.0,18.4,Never,None,129,70,No,No,5.5,2.9,Untreated,Eastgate Medical,2023-04-21,2025-04-21,0,24.0
P1276,47,Female,94.0,163.0,35.4,Never,None,114,74,No,No,6.2,4.7,Untreated,Northern District,2023-04-12,2025-04-12,0,24.0
P1277,56,Male,69.0,172.0,23.3,Never,None,128,70,No,No,5.9,5.0,Treated,Central Hospital,2023-02-27,2025-02-27,0,24.0
P1278,43,Male,99.6,168.0,35.3,Former,None,137,91,Yes,Yes,8.6,5.5,Untreated,Northern District,2024-04-07,2026-04-08,0,24.0
P1279,37,Male,70.2,167.0,25.2,Never,Moderate,109,56,No,No,5.7,4.1,Untreated,Eastgate Medical,2024-01-05,2026-01-05,0,24.0
P1280,50,Female,77.8,168.0,27.6,Never,None,122,79,No,No,5.5,4.0,Untreated,Riverside Clinic,2023-06-20,2025-06-20,0,24.0
P1281,52,Female,80.2,166.0,29.1,Former,Moderate,128,87,Yes,No,5.8,3.9,Treated,Northern District,2023-08-16,2025-08-16,0,24.0
P1282,69,Female,76.3,150.0,33.9,Never,Moderate,148,92,Yes,No,5.7,5.4,Treated,Central Hospital,2024-05-28,2026-05-29,0,24.0
P1283,58,Female,58.7,154.0,24.8,Never,Heavy,119,60,No,No,4.4,5.0,Treated,Riverside Clinic,2023-09-05,2025-09-05,0,24.0
P1284,32,Female,60.9,156.0,25.0,Current,None,108,69,No,No,5.4,3.5,Untreated,Eastgate Medical,2023-11-08,2025-01-10,1,14.1
P1285,53,Female,64.5,144.0,31.1,Never,None,126,74,No,No,5.7,3.8,Untreated,Central Hospital,2023-04-03,2025-04-03,0,24.0
P1286,30,Male,55.7,168.0,19.7,Never,Moderate,120,59,No,No,5.6,5.3,Treated,Riverside Clinic,2023-07-09,2025-07-09,0,24.0
P1287,56,Male,71.0,168.0,25.2,Former,Heavy,131,75,Yes,No,6.0,4.4,Treated,Riverside Clinic,2023-04-14,2025-04-14,0,24.0
P1288,55,Female,57.8,163.0,21.8,Never,Moderate,119,60,No,No,6.5,3.9,Untreated,Northern District,2023-03-20,2024-06-09,1,14.7
P1289,46,Female,66.0,144.0,31.8,Current,None,135,86,Yes,No,5.9,5.2,Untreated,Northern District,2023-11-22,2025-11-22,0,24.0
P1290,37,Female,45.5,162.0,17.3,Former,Moderate,99,68,No,No,5.4,3.8,Untreated,Eastgate Medical,2023-10-21,2025-10-21,0,24.0
P1291,63,Male,68.6,167.0,24.6,Former,Moderate,131,91,Yes,No,5.1,4.7,Treated,Northern District,2023-07-01,2025-07-01,0,24.0
P1292,44,Female,59.7,161.0,23.0,Never,None,119,74,No,No,4.3,4.5,Untreated,Lakeside Health,2024-06-19,2026-06-20,0,24.0
P1293,55,Female,85.0,160.0,33.2,Never,Moderate,119,75,No,Yes,5.9,3.8,Treated,Riverside Clinic,2024-01-16,2026-01-16,0,24.0
P1294,47,Male,85.2,165.0,31.3,Former,Moderate,129,84,Yes,No,3.9,4.6,Treated,Northern District,2023-09-18,2025-09-18,0,24.0
P1295,59,Male,74.3,183.0,22.2,Former,None,132,89,Yes,No,5.1,4.2,Treated,Eastgate Medical,2023-01-17,2025-01-17,0,24.0
P1296,38,Male,70.3,170.0,24.3,Never,None,111,65,No,No,6.1,4.7,Untreated,Northern District,2023-04-21,2025-04-21,0,24.0
P1297,40,Male,62.9,169.0,22.0,Never,None,114,67,No,No,5.0,3.1,Untreated,Northern District,2023-08-23,2025-08-23,0,24.0
P1298,67,Male,77.7,174.0,25.7,Former,None,126,73,Yes,Yes,9.8,6.2,Treated,Northern District,2024-01-12,2024-10-12,1,9.0
P1299,51,Male,74.0,161.0,28.5,Former,None,135,80,Yes,No,4.6,4.6,Untreated,Riverside Clinic,2024-06-19,2026-06-20,0,24.0
P1300,85,Female,79.1,157.0,32.1,Former,None,151,105,Yes,Yes,7.7,6.3,Treated,Northern District,2024-02-17,2026-02-17,0,24.0
P1301,57,Male,106.7,165.0,39.2,Never,Moderate,158,97,Yes,Yes,10.3,6.4,Treated,Riverside Clinic,2023-03-17,2023-09-03,1,5.6
P1302,58,Female,88.4,167.0,31.7,Former,Moderate,142,90,Yes,No,5.5,4.9,Untreated,Eastgate Medical,2023-08-28,2025-08-28,0,24.0
P1303,54,Female,55.6,156.0,22.8,Current,Moderate,135,89,Yes,No,5.4,3.7,Untreated,Eastgate Medical,2023-06-09,2025-06-09,0,24.0
P1304,46,Male,79.8,164.0,29.7,Never,None,120,74,Yes,No,5.3,4.6,Treated,Northern District,2024-05-11,2026-05-12,0,24.0
P1305,55,Female,83.4,165.0,30.6,Current,Moderate,153,81,Yes,No,6.0,4.8,Treated,Eastgate Medical,2024-02-21,2026-02-21,0,24.0
P1306,42,Female,65.9,158.0,26.4,Former,None,106,59,No,No,5.8,3.9,Untreated,Northern District,2023-08-14,2025-08-14,0,24.0
P1307,63,Male,51.8,167.0,18.6,Never,None,122,72,No,No,5.6,4.5,Untreated,Northern District,2023-07-05,2024-06-07,1,11.1
P1308,43,Male,72.4,166.0,26.3,Never,Moderate,124,74,No,No,4.8,4.1,Untreated,Eastgate Medical,2023-12-06,2025-12-06,0,24.0
P1309,65,Female,79.2,167.0,28.4,Never,Moderate,140,78,Yes,Yes,11.4,5.2,Treated,Riverside Clinic,2024-04-05,2026-04-06,0,24.0
P1310,60,Female,90.7,163.0,34.1,Current,None,135,81,No,No,5.1,3.2,Untreated,Lakeside Health,2023-04-16,2025-04-16,0,24.0
P1311,64,Male,119.5,181.0,36.5,Never,None,131,76,No,No,5.6,6.8,Treated,Central Hospital,2023-01-22,2025-01-22,0,24.0
P1312,42,Female,58.1,155.0,24.2,Never,Moderate,119,74,No,No,4.3,4.3,Untreated,Lakeside Health,2023-06-12,2023-07-31,1,1.6
P1313,72,Male,73.3,165.0,26.9,Never,None,135,85,Yes,No,5.5,5.1,Treated,Eastgate Medical,2023-07-18,2023-07-30,1,0.4
P1314,55,Male,75.0,166.0,27.2,Current,Moderate,111,81,No,Yes,8.9,4.6,Untreated,Eastgate Medical,2023-05-24,2024-12-10,1,18.6
P1315,61,Male,86.2,169.0,30.2,Never,None,140,81,Yes,Yes,9.0,5.6,Treated,Riverside Clinic,2023-09-12,2024-09-02,1,11.7
P1316,56,Female,66.5,153.0,28.4,Never,None,129,76,No,No,5.2,4.2,Treated,Northern District,2023-10-11,2025-10-11,0,24.0
P1317,86,Female,50.5,147.0,23.4,Never,None,140,90,Yes,No,4.8,5.0,Treated,Riverside Clinic,2023-04-09,2024-12-14,1,20.2
P1318,36,Female,70.0,152.0,30.3,Never,None,117,55,No,No,4.3,4.8,Untreated,Lakeside Health,2023-09-21,2025-09-21,0,24.0
P1319,58,Male,69.9,164.0,26.0,Current,Heavy,137,82,Yes,No,5.9,3.9,Treated,Central Hospital,2023-05-01,2025-01-23,1,20.8
P1320,36,Female,53.6,155.0,22.3,Former,None,106,60,No,No,5.4,3.7,Treated,Eastgate Medical,2023-01-10,2025-01-10,0,24.0
P1321,37,Female,49.3,151.0,21.6,Current,Moderate,114,71,No,No,4.7,4.3,Untreated,Northern District,2023-11-17,2025-03-18,1,16.0
P1322,60,Male,86.3,174.0,28.5,Never,Moderate,141,80,Yes,No,5.0,2.8,Treated,Central Hospital,2023-09-15,2025-09-15,0,24.0
P1323,60,Female,58.0,159.0,22.9,Never,Moderate,112,72,No,Yes,7.3,3.5,Treated,Eastgate Medical,2023-01-22,2025-01-22,0,24.0
P1324,44,Female,72.1,160.0,28.2,Former,None,113,66,No,No,6.0,3.9,Treated,Eastgate Medical,2023-04-14,2025-04-14,0,24.0
P1325,77,Female,67.9,151.0,29.8,Never,Moderate,141,84,Yes,No,4.9,5.7,Treated,Lakeside Health,2023-09-17,2025-09-17,0,24.0
P1326,31,Female,89.4,160.0,34.9,Current,Moderate,113,77,No,No,6.6,5.0,Untreated,Central Hospital,2023-04-25,2023-12-12,1,7.6
P1327,63,Male,86.7,174.0,28.6,Never,None,134,87,Yes,No,5.3,4.1,Treated,Riverside Clinic,2023-04-07,2025-04-07,0,24.0
P1328,41,Female,87.1,169.0,30.5,Former,Moderate,134,84,Yes,No,3.8,3.4,Treated,Eastgate Medical,2023-08-24,2025-08-24,0,24.0
P1329,63,Female,70.5,158.0,28.2,Never,Moderate,138,87,Yes,No,5.7,6.0,Untreated,Eastgate Medical,2023-10-29,2025-10-29,0,24.0
P1330,78,Female,87.0,164.0,32.3,Never,Moderate,142,81,Yes,No,5.2,5.9,Treated,Riverside Clinic,2024-06-13,2026-06-14,0,24.0
P1331,49,Female,63.2,165.0,23.2,Never,Heavy,112,68,No,No,5.7,3.4,Untreated,Eastgate Medical,2023-08-09,2025-08-09,0,24.0
P1332,82,Female,67.8,155.0,28.2,Former,None,140,90,Yes,Yes,6.1,6.4,Treated,Central Hospital,2024-04-07,2025-01-24,1,9.6
P1333,49,Male,63.9,171.0,21.9,Never,Heavy,112,70,No,No,4.5,4.8,Untreated,Central Hospital,2023-07-12,2025-07-12,0,24.0
P1334,77,Male,78.7,180.0,24.3,Never,Heavy,141,85,Yes,No,4.8,6.3,Treated,Central Hospital,2024-04-24,2024-06-21,1,1.9
P1335,36,Male,72.0,162.0,27.4,Former,Moderate,106,77,No,No,4.9,5.1,Untreated,Eastgate Medical,2023-06-09,2025-06-09,0,24.0
P1336,76,Female,87.9,161.0,33.9,Current,Moderate,130,80,Yes,No,6.0,7.2,Treated,Eastgate Medical,2023-07-08,2025-07-08,0,24.0
P1337,58,Male,85.5,169.0,29.9,Former,None,121,73,Yes,Yes,7.5,6.5,Treated,Northern District,2023-04-15,2025-04-15,0,24.0
P1338,55,Male,76.1,166.0,27.6,Never,Moderate,142,75,Yes,No,5.7,5.9,Treated,Riverside Clinic,2024-01-12,2024-07-25,1,6.4
P1339,49,Male,101.5,187.0,29.0,Current,None,132,77,Yes,No,6.2,5.3,Treated,Central Hospital,2024-03-15,2026-03-16,0,24.0
P1340,40,Female,47.7,159.0,18.9,Former,None,104,62,No,No,5.0,3.0,Untreated,Northern District,2023-03-28,2025-03-28,0,24.0
P1341,75,Female,64.3,153.0,27.5,Never,None,128,73,No,No,6.3,6.4,Untreated,Central Hospital,2024-05-05,2024-08-20,1,3.5
P1342,51,Female,80.4,156.0,33.0,Current,None,137,81,Yes,No,6.2,5.2,Treated,Lakeside Health,2023-05-17,2025-03-14,1,21.9
P1343,54,Male,88.8,174.0,29.3,Former,Moderate,122,65,No,No,4.8,3.7,Untreated,Central Hospital,2024-02-04,2026-02-04,0,24.0
P1344,57,Female,59.8,158.0,24.0,Never,Moderate,135,74,Yes,No,5.0,4.6,Untreated,Lakeside Health,2023-08-27,2024-12-20,1,15.8
P1345,45,Male,70.2,178.0,22.2,Current,Heavy,122,74,No,No,5.2,3.4,Untreated,Eastgate Medical,2023-08-18,2025-08-18,0,24.0
P1346,50,Male,83.7,177.0,26.7,Former,Moderate,132,73,Yes,Yes,5.5,5.3,Treated,Lakeside Health,2023-04-12,2025-04-12,0,24.0
P1347,39,Female,69.0,160.0,27.0,Never,Moderate,130,72,No,No,4.9,4.4,Treated,Riverside Clinic,2023-02-21,2025-02-21,0,24.0
P1348,45,Male,59.8,169.0,20.9,Never,Moderate,117,79,Yes,No,5.3,2.5,Treated,Lakeside Health,2023-09-04,2025-09-04,0,24.0
P1349,43,Male,67.5,164.0,25.1,Never,None,108,76,No,No,4.6,3.4,Treated,Northern District,2024-05-03,2026-05-04,0,24.0
P1350,39,Male,62.8,167.0,22.5,Never,Moderate,124,70,No,No,5.7,3.9,Untreated,Eastgate Medical,2023-10-20,2025-10-20,0,24.0
P1351,32,Female,66.0,159.0,26.1,Never,None,115,67,No,Yes,7.1,2.9,Untreated,Northern District,2023-04-23,2024-03-02,1,10.3
P1352,49,Male,90.8,180.0,28.0,Former,None,114,66,No,No,4.7,4.9,Treated,Central Hospital,2023-07-31,2025-07-31,0,24.0
P1353,71,Male,70.5,177.0,22.5,Former,Moderate,135,89,Yes,Yes,6.8,4.0,Treated,Riverside Clinic,2023-06-22,2024-02-02,1,7.4
P1354,69,Male,93.6,163.0,35.2,Never,None,153,82,Yes,No,5.9,5.3,Untreated,Eastgate Medical,2024-04-28,2025-08-01,1,15.1
P1355,41,Female,50.1,155.0,20.9,Current,Moderate,118,72,No,No,6.1,4.7,Treated,Northern District,2023-04-26,2025-04-26,0,24.0
P1356,50,Female,66.3,157.0,26.9,Current,None,102,72,No,No,6.2,5.0,Untreated,Eastgate Medical,2024-04-02,2025-06-17,1,14.5
P1357,33,Male,53.8,155.0,22.4,Never,Moderate,111,75,No,No,5.7,4.4,Untreated,Riverside Clinic,2023-12-28,2025-12-28,0,24.0
P1358,46,Female,57.3,153.0,24.5,Never,Heavy,109,71,No,No,4.3,3.8,Untreated,Eastgate Medical,2023-11-17,2025-11-17,0,24.0
P1359,62,Female,45.3,148.0,20.7,Former,None,150,77,Yes,No,5.8,4.0,Treated,Riverside Clinic,2023-01-08,2025-01-08,0,24.0
P1360,78,Male,71.3,171.0,24.4,Current,None,149,88,Yes,No,5.2,5.7,Treated,Central Hospital,2024-02-05,2024-02-14,1,0.3
P1361,49,Female,76.7,158.0,30.7,Never,None,134,82,Yes,No,4.5,5.5,Treated,Northern District,2023-05-20,2025-05-20,0,24.0
P1362,37,Female,83.0,164.0,30.9,Former,Heavy,121,81,No,No,5.0,5.1,Untreated,Northern District,2023-08-17,2024-03-29,1,7.4
P1363,51,Male,67.0,160.0,26.2,Never,None,121,73,No,No,4.0,4.0,Untreated,Central Hospital,2023-03-26,2025-03-26,0,24.0
P1364,34,Male,99.0,170.0,34.3,Never,None,125,79,No,No,5.0,5.3,Untreated,Riverside Clinic,2023-09-24,2025-09-24,0,24.0
P1365,52,Male,87.3,171.0,29.9,Never,None,111,75,No,No,5.3,5.1,Untreated,Eastgate Medical,2024-03-25,2024-09-05,1,5.4
P1366,38,Male,81.5,175.0,26.6,Former,Heavy,105,58,No,No,5.4,4.6,Untreated,Central Hospital,2023-01-04,2025-01-04,0,24.0
P1367,61,Female,70.8,163.0,26.6,Former,None,128,67,No,No,5.0,6.1,Untreated,Northern District,2023-05-05,2025-05-05,0,24.0
P1368,55,Female,66.8,165.0,24.5,Never,None,116,74,No,No,4.3,4.7,Untreated,Riverside Clinic,2023-04-22,2025-04-22,0,24.0
P1369,30,Female,80.2,156.0,33.0,Former,Moderate,125,86,Yes,Yes,8.7,3.8,Untreated,Northern District,2024-01-26,2026-01-26,0,24.0
P1370,48,Female,82.7,159.0,32.7,Current,Heavy,119,69,No,No,5.7,5.3,Untreated,Riverside Clinic,2023-12-10,2025-12-10,0,24.0
P1371,67,Male,85.1,186.0,24.6,Current,None,136,72,Yes,Yes,13.1,4.8,Treated,Central Hospital,2024-05-19,2024-06-25,1,1.2
P1372,62,Male,73.0,177.0,23.3,Never,Moderate,141,85,Yes,No,6.3,3.3,Treated,Central Hospital,2023-11-02,2025-11-02,0,24.0
P1373,48,Male,101.2,181.0,30.9,Never,None,106,71,No,No,4.2,5.4,Treated,Northern District,2024-04-03,2026-04-04,0,24.0
P1374,53,Female,67.7,154.0,28.5,Never,Moderate,125,88,Yes,No,4.7,3.8,Treated,Central Hospital,2024-06-12,2026-06-13,0,24.0
P1375,44,Male,82.6,173.0,27.6,Former,None,115,70,No,No,5.1,3.2,Treated,Eastgate Medical,2024-02-13,2026-02-13,0,24.0
P1376,57,Male,72.2,169.0,25.3,Never,None,120,84,No,No,5.4,4.8,Untreated,Riverside Clinic,2024-03-03,2026-03-04,0,24.0
P1377,71,Male,48.8,156.0,20.1,Current,Heavy,117,76,No,No,5.6,3.8,Treated,Northern District,2023-11-23,2025-11-23,0,24.0
P1378,61,Female,59.8,156.0,24.6,Never,Moderate,114,72,No,No,5.7,5.9,Untreated,Central Hospital,2023-09-13,2025-09-13,0,24.0
P1379,51,Male,61.6,161.0,23.8,Former,Moderate,104,69,No,No,5.2,3.5,Untreated,Central Hospital,2023-07-20,2025-07-20,0,24.0
P1380,54,Female,53.2,153.0,22.7,Former,Moderate,123,75,No,No,4.5,5.4,Untreated,Eastgate Medical,2023-10-08,2025-10-08,0,24.0
P1381,51,Female,80.8,173.0,27.0,Former,None,109,66,No,No,4.6,4.8,Untreated,Riverside Clinic,2023-12-10,2025-12-10,0,24.0
P1382,30,Female,69.9,157.0,28.4,Never,Moderate,115,58,No,No,6.0,3.8,Untreated,Central Hospital,2023-10-06,2025-10-06,0,24.0
P1383,35,Female,50.8,161.0,19.6,Never,Heavy,105,65,No,No,4.4,4.7,Untreated,Riverside Clinic,2023-05-09,2025-05-09,0,24.0
P1384,67,Female,37.0,152.0,16.0,Former,None,122,70,No,No,5.8,5.9,Treated,Central Hospital,2023-04-16,2025-04-16,0,24.0
P1385,76,Female,47.3,146.0,22.2,Never,Moderate,128,89,Yes,No,5.1,3.5,Treated,Riverside Clinic,2023-08-07,2023-12-19,1,4.4
P1386,68,Male,55.1,169.0,19.3,Former,None,123,79,No,No,5.7,3.0,Untreated,Central Hospital,2023-04-01,2025-04-01,0,24.0
P1387,41,Male,65.1,158.0,26.1,Never,None,116,75,No,No,4.8,4.4,Treated,Central Hospital,2024-05-05,2024-11-01,1,5.9
P1388,40,Male,84.6,170.0,29.3,Former,None,129,83,Yes,No,5.3,3.9,Treated,Central Hospital,2024-02-25,2026-02-25,0,24.0
P1389,54,Female,50.8,161.0,19.6,Never,Moderate,136,67,No,No,5.3,3.8,Untreated,Northern District,2023-01-21,2025-01-21,0,24.0
P1390,68,Male,95.0,179.0,29.6,Former,None,135,89,Yes,Yes,8.8,5.0,Treated,Northern District,2023-01-09,2024-07-13,1,18.1
P1391,55,Male,104.6,170.0,36.2,Former,None,154,93,Yes,No,4.7,4.7,Treated,Eastgate Medical,2023-01-28,2024-01-13,1,11.5
P1392,35,Female,73.3,160.0,28.6,Never,None,109,78,No,No,5.5,2.8,Treated,Central Hospital,2024-05-04,2026-05-05,0,24.0
P1393,45,Male,66.5,159.0,26.3,Former,Moderate,145,73,No,No,5.9,4.6,Untreated,Central Hospital,2024-03-20,2025-01-21,1,10.1
P1394,37,Male,67.0,159.0,26.5,Never,Moderate,125,66,No,No,6.0,4.5,Untreated,Northern District,2023-01-10,2025-01-10,0,24.0
P1395,36,Male,58.8,174.0,19.4,Current,None,127,69,No,No,4.2,2.5,Untreated,Eastgate Medical,2023-05-07,2025-05-07,0,24.0
P1396,61,Female,62.5,151.0,27.4,Current,Heavy,132,78,No,No,5.6,4.3,Untreated,Eastgate Medical,2024-06-23,2026-06-24,0,24.0
P1397,60,Male,107.5,177.0,34.3,Never,Moderate,139,86,No,No,5.3,4.1,Untreated,Riverside Clinic,2023-06-27,2025-06-27,0,24.0
P1398,63,Female,68.3,158.0,27.4,Current,None,141,88,Yes,Yes,10.2,4.5,Treated,Riverside Clinic,2023-10-15,2025-10-15,0,24.0
P1399,49,Female,73.7,152.0,31.9,Never,Heavy,137,86,Yes,Yes,7.9,4.3,Untreated,Riverside Clinic,2023-12-24,2024-02-02,1,1.3
P1400,50,Female,65.0,162.0,24.8,Never,Moderate,112,72,No,No,5.2,5.3,Untreated,Riverside Clinic,2023-09-06,2025-09-06,0,24.0
P1401,39,Female,53.0,147.0,24.5,Never,None,107,80,No,No,5.4,4.8,Untreated,Eastgate Medical,2024-05-27,2026-05-28,0,24.0
P1402,62,Female,76.1,166.0,27.6,Never,Moderate,136,104,Yes,No,5.2,5.8,Treated,Northern District,2023-07-20,2024-03-04,1,7.5
P1403,63,Female,46.2,150.0,20.5,Former,None,137,75,Yes,No,5.9,4.4,Treated,Eastgate Medical,2024-03-29,2026-03-30,0,24.0
P1404,40,Male,71.3,172.0,24.1,Former,None,111,82,No,No,5.8,4.9,Untreated,Lakeside Health,2024-01-14,2024-11-04,1,9.7
P1405,55,Female,84.1,157.0,34.1,Never,None,158,87,Yes,No,5.9,5.3,Treated,Lakeside Health,2023-09-03,2025-09-03,0,24.0
P1406,62,Male,75.9,162.0,28.9,Former,None,145,82,Yes,Yes,7.8,5.8,Treated,Central Hospital,2023-10-12,2025-06-30,1,20.6
P1407,40,Male,91.7,168.0,32.5,Never,None,129,76,No,No,5.7,2.9,Untreated,Central Hospital,2023-02-13,2025-02-13,0,24.0
P1408,65,Female,65.1,154.0,27.4,Never,Heavy,137,79,Yes,No,5.3,4.9,Treated,Eastgate Medical,2023-05-14,2025-05-14,0,24.0
P1409,51,Male,71.0,168.0,25.2,Current,None,114,71,No,No,4.9,5.5,Untreated,Northern District,2023-10-13,2024-11-18,1,13.2
P1410,61,Female,72.4,149.0,32.6,Never,Heavy,130,80,No,Yes,8.8,5.4,Untreated,Central Hospital,2023-01-27,2023-06-13,1,4.5
P1411,63,Female,56.8,163.0,21.4,Former,Moderate,128,79,No,No,5.0,4.8,Untreated,Eastgate Medical,2023-10-05,2025-10-05,0,24.0
P1412,43,Female,85.9,170.0,29.7,Never,Moderate,118,76,No,No,4.9,5.4,Untreated,Central Hospital,2023-09-21,2025-09-21,0,24.0
P1413,51,Male,61.2,168.0,21.7,Never,None,109,74,No,No,6.0,5.7,Untreated,Riverside Clinic,2024-03-28,2025-06-25,1,14.9
P1414,55,Female,39.9,158.0,16.0,Former,Heavy,116,63,No,No,4.5,4.0,Treated,Riverside Clinic,2023-08-25,2025-08-25,0,24.0
P1415,49,Male,76.9,159.0,30.4,Current,Moderate,107,77,No,No,5.6,4.3,Untreated,Lakeside Health,2024-02-09,2026-02-09,0,24.0
P1416,48,Female,65.5,144.0,31.6,Former,None,130,76,Yes,Yes,6.5,5.4,Treated,Northern District,2023-09-26,2025-09-26,0,24.0
P1417,47,Female,59.5,158.0,23.8,Former,Moderate,125,69,No,No,4.9,3.9,Untreated,Eastgate Medical,2023-03-08,2025-03-08,0,24.0
P1418,45,Female,79.3,153.0,33.9,Never,Heavy,124,79,No,No,5.5,4.2,Untreated,Eastgate Medical,2023-03-20,2025-03-20,0,24.0
P1419,50,Male,68.0,179.0,21.2,Never,Heavy,108,63,No,No,6.0,4.7,Treated,Lakeside Health,2024-05-01,2026-05-02,0,24.0
P1420,71,Male,80.5,174.0,26.6,Never,None,151,87,Yes,No,5.0,4.2,Treated,Northern District,2024-02-23,2026-02-23,0,24.0
P1421,66,Male,83.2,169.0,29.1,Never,None,139,80,Yes,No,5.9,4.7,Treated,Northern District,2023-09-19,2025-09-19,0,24.0
P1422,60,Male,55.7,183.0,16.6,Never,Heavy,117,72,No,No,5.3,3.6,Treated,Riverside Clinic,2023-11-19,2025-11-19,0,24.0
P1423,56,Female,77.4,161.0,29.9,Current,None,114,75,No,No,4.7,6.3,Treated,Northern District,2024-05-27,2026-05-28,0,24.0
P1424,79,Female,54.9,159.0,21.7,Never,Moderate,139,88,Yes,No,4.6,4.2,Treated,Central Hospital,2023-08-25,2024-05-13,1,8.6
P1425,63,Male,79.2,179.0,24.7,Never,Moderate,144,87,Yes,Yes,8.7,4.1,Treated,Central Hospital,2023-05-25,2025-05-25,0,24.0
P1426,67,Male,53.4,168.0,18.9,Current,Moderate,104,69,No,No,5.0,3.8,Untreated,Riverside Clinic,2023-05-21,2025-05-21,0,24.0
P1427,67,Female,71.3,157.0,28.9,Never,Moderate,160,93,Yes,Yes,5.3,5.2,Treated,Riverside Clinic,2023-01-19,2025-01-19,0,24.0
P1428,55,Male,100.1,172.0,33.8,Never,None,124,79,No,Yes,8.5,4.0,Treated,Central Hospital,2023-03-05,2024-04-04,1,13.0
P1429,66,Female,85.3,160.0,33.3,Former,Heavy,153,82,Yes,No,4.8,5.1,Treated,Northern District,2024-04-22,2026-04-23,0,24.0
