model,term,OR,conf.low,conf.high,p.value
Unadjusted,age,1.028,1.019,1.037,1.92e-9
Unadjusted,sexMale,0.732,0.574,0.932,0.0115
Unadjusted,education.L,1.871,1.374,2.557,7.61e-5
Unadjusted,education.Q,0.957,0.731,1.255,0.752
Unadjusted,education.C,0.918,0.734,1.147,0.451
Unadjusted,residenceUrban,1.786,1.403,2.277,2.6e-6
Unadjusted,diabetesYes,3.536,1.562,9.042,0.00416
Unadjusted,family_history_htnYes,1.545,1.206,1.982,6.02e-4
Unadjusted,health_insuranceYes,1.707,1.325,2.203,3.63e-5
Unadjusted,knowledge_score,1.093,1.055,1.134,1.23e-6
Unadjusted,distance_to_facility_km,0.969,0.948,0.99,0.0037
Adjusted,age,1.031,1.021,1.041,2.58e-9
Adjusted,sexMale,0.74,0.562,0.972,0.0307
Adjusted,education.L,1.955,1.385,2.773,1.5e-4
Adjusted,education.Q,0.957,0.708,1.293,0.773
Adjusted,education.C,0.985,0.769,1.262,0.905
Adjusted,residenceUrban,1.868,1.405,2.49,1.86e-5
Adjusted,diabetesYes,3.559,1.461,9.612,0.0074
Adjusted,family_history_htnYes,1.906,1.437,2.535,8.37e-6
Adjusted,health_insuranceYes,2.049,1.536,2.743,1.2e-6
Adjusted,knowledge_score,1.098,1.055,1.144,5.27e-6
Adjusted,distance_to_facility_km,0.982,0.958,1.005,0.128
